{
  "allDlgAnchors": [
    {
      "charTemplateId": 10001001,
      "dlgLocalX": 0.31249994,
      "dlgLocalY": 1.49999976
    }
  ]
}